"report_date","active_users","new_users","total_users","user_engagement_duration","user_key_event_rate","active_1day_users","active_7day_users","active_28day_users","dau_per_wau","dau_per_mau","wau_per_mau","first_time_purchasers","first_time_purchaser_rate","total_purchasers","first_time_purchasers_per_new_user","new_vs_returning"
2024-09-01,5,5,5,113,0.0,5,1257,4131,0.003977724741447892,0.001203659123736158,0.5909090909090909,0,0.0,0,0.0,new
2024-09-01,3,0,3,35,0.0,3,127,317,0.023622047244094488,0.009375,0.396875,0,0.0,0,0.0,returning
2024-09-01,0,0,3,0,0.0,0,39,66,0.0,0.0,0.3025999037072701,0,0.0,0,0.0,(not set)
2024-09-02,26,26,26,561,0.0,26,1079,4121,0.024096385542168676,0.006236507555768769,0.5606060606060606,0,0.0,0,0.0,new
2024-09-02,26,0,26,2318,0.0,26,114,321,0.22807017543859648,0.08024691358024691,0.35185185185185186,0,0.0,0,0.0,returning
2024-09-02,0,0,4,0,0.0,0,37,66,0.0,0.0,0.2588150635644039,0,0.0,0,0.0,(not set)
2024-09-03,181,181,181,14665,0.30386740331491713,181,926,4270,0.19546436285097193,0.04173391745446161,0.417910447761194,0,0.0,0,0.0,new
2024-09-03,34,0,34,3045,0.029411764705882353,34,120,329,0.2833333333333333,0.10119047619047619,0.35714285714285715,0,0.0,0,0.0,returning
2024-09-03,1,0,7,144,1.0,1,28,67,0.03571428571428571,0.014925373134328358,0.21351164399354391,0,0.0,0,0.0,(not set)
2024-09-04,207,207,207,14618,0.2995169082125604,207,872,4452,0.23738532110091742,0.04591836734693878,0.31671554252199413,0,0.0,0,0.0,new
2024-09-04,25,0,25,2260,0.04,25,108,333,0.23148148148148148,0.07331378299120235,0.19343389529724933,0,0.0,0,0.0,returning
2024-09-04,1,0,14,40,0.0,1,6,68,0.16666666666666666,0.014705882352941176,0.08823529411764706,0,0.0,0,0.0,(not set)
2024-09-05,183,183,183,6060,0.09289617486338798,183,786,4512,0.23282442748091603,0.03927038626609442,0.2672413793103448,0,0.0,0,0.0,new
2024-09-05,29,0,29,3221,0.10344827586206896,29,93,332,0.3118279569892473,0.08333333333333333,0.1686695278969957,0,0.0,0,0.0,returning
2024-09-05,0,0,2,0,0.0,0,5,67,0.0,0.0,0.07352941176470588,0,0.0,0,0.0,(not set)
2024-09-06,179,180,179,12539,0.13966480446927373,179,800,4639,0.22375,0.03718321562110511,0.2801120448179272,0,0.0,0,0.0,new
2024-09-06,38,0,38,8637,0.07894736842105263,38,100,340,0.38,0.10644257703081232,0.1661819692563357,0,0.0,0,0.0,returning
2024-09-06,3,0,6,127,0.0,3,5,70,0.6,0.04225352112676056,0.07042253521126761,0,0.0,0,0.0,(not set)
2024-09-07,167,169,167,9508,0.11976047904191617,167,947,4742,0.17634635691657866,0.0343833642165946,0.30113636363636365,0,0.0,0,0.0,new
2024-09-07,14,0,14,4646,0.0,14,106,340,0.1320754716981132,0.03977272727272727,0.1949763228330245,0,0.0,0,0.0,returning
2024-09-07,0,0,4,0,0.0,0,5,69,0.0,0.0,0.07142857142857142,0,0.0,0,0.0,(not set)
2024-09-08,172,172,172,13030,0.19186046511627908,172,1114,4890,0.15439856373429084,0.03455897126783203,0.33240997229916897,0,0.0,0,0.0,new
2024-09-08,20,0,20,930,0.1,20,120,353,0.16666666666666666,0.055401662049861494,0.22382961623467953,0,0.0,0,0.0,returning
2024-09-08,0,0,2,0,0.0,0,5,69,0.0,0.0,0.07142857142857142,0,0.0,0,0.0,(not set)
2024-09-09,164,164,164,12701,0.07926829268292683,164,1252,4744,0.13099041533546327,0.032296179598267034,0.34594594594594597,0,0.0,0,0.0,new
2024-09-09,40,0,40,6593,0.1,40,128,354,0.3125,0.10810810810810811,0.24655376132335566,0,0.0,0,0.0,returning
2024-09-09,1,0,12,2,0.0,1,6,68,0.16666666666666666,0.014285714285714285,0.08571428571428572,0,0.0,0,0.0,(not set)
2024-09-10,232,232,232,18227,0.09482758620689655,232,1303,4916,0.1780506523407521,0.04388951948543322,0.33509234828496043,0,0.0,0,0.0,new
2024-09-10,32,0,32,1715,0.0,32,127,360,0.25196850393700787,0.08443271767810026,0.2465001891789633,0,0.0,0,0.0,returning
2024-09-10,0,0,4,0,0.0,0,5,67,0.0,0.0,0.07142857142857142,0,0.0,0,0.0,(not set)
2024-09-11,262,261,262,31000,0.08778625954198473,262,1357,5087,0.19307295504789979,0.05002864235249189,0.35013262599469497,0,0.0,0,0.0,new
2024-09-11,36,0,36,5287,0.08333333333333333,36,132,365,0.2727272727272727,0.09549071618037135,0.25911781554325,0,0.0,0,0.0,returning
2024-09-11,0,0,11,0,0.0,0,4,67,0.0,0.0,0.058823529411764705,0,0.0,0,0.0,(not set)
2024-09-12,244,244,244,29152,0.12295081967213115,244,1417,5168,0.17219477769936486,0.0450267577043735,0.3647959183673469,0,0.0,0,0.0,new
2024-09-12,43,0,43,7006,0.09302325581395349,43,143,373,0.3006993006993007,0.1096938775510204,0.26148735929138217,0,0.0,0,0.0,returning
2024-09-12,1,0,8,73,0.0,1,5,64,0.2,0.014705882352941176,0.07352941176470588,0,0.0,0,0.0,(not set)
2024-09-13,168,168,168,10111,0.13690476190476192,168,1407,5185,0.11940298507462686,0.030562124795342913,0.34177215189873417,0,0.0,0,0.0,new
2024-09-13,37,0,37,3710,0.0,37,135,374,0.2740740740740741,0.09367088607594937,0.2559577951609969,0,0.0,0,0.0,returning
2024-09-13,4,0,11,176,0.0,4,6,63,0.6666666666666666,0.05555555555555555,0.08333333333333333,0,0.0,0,0.0,(not set)
2024-09-14,192,192,192,13494,0.16145833333333334,192,1432,5261,0.1340782122905028,0.03473227206946455,0.32642487046632124,0,0.0,0,0.0,new
2024-09-14,6,0,6,366,0.16666666666666666,6,126,365,0.047619047619047616,0.015544041450777202,0.2590448625180897,0,0.0,0,0.0,returning
2024-09-14,1,0,5,84,0.0,1,6,62,0.16666666666666666,0.014705882352941176,0.08823529411764706,0,0.0,0,0.0,(not set)
2024-09-15,283,283,283,12500,0.1413427561837456,283,1543,5433,0.1834089436163318,0.05,0.3125,0,0.0,0,0.0,new
2024-09-15,15,0,15,1482,0.0,15,120,368,0.125,0.0390625,0.2726148409893993,0,0.0,0,0.0,returning
2024-09-15,1,0,7,15,0.0,1,7,62,0.14285714285714285,0.015625,0.109375,0,0.0,0,0.0,(not set)
2024-09-16,743,744,743,25562,0.06864064602960969,743,2122,6055,0.3501413760603205,0.1189370898031055,0.3542168674698795,0,0.0,0,0.0,new
2024-09-16,62,0,62,5906,0.04838709677419355,62,147,400,0.4217687074829932,0.1493975903614458,0.3396830478629742,0,0.0,0,0.0,returning
2024-09-16,5,0,11,85,0.2,5,10,65,0.5,0.07462686567164178,0.14925373134328357,0,0.0,0,0.0,(not set)
2024-09-17,545,544,545,23587,0.09357798165137615,545,2435,6449,0.22381930184804927,0.08181954661462243,0.4035476718403548,0,0.0,0,0.0,new
2024-09-17,72,0,72,11887,0.041666666666666664,72,182,423,0.3956043956043956,0.15964523281596452,0.36556072661762495,0,0.0,0,0.0,returning
2024-09-17,4,0,19,20,0.0,4,13,68,0.3076923076923077,0.057971014492753624,0.18840579710144928,0,0.0,0,0.0,(not set)
2024-09-18,208,208,208,7918,0.09134615384615384,208,2382,6557,0.0873215785054576,0.03078744819419775,0.42917547568710357,0,0.0,0,0.0,new
2024-09-18,49,0,49,5381,0.12244897959183673,49,203,448,0.2413793103448276,0.10359408033826638,0.35257548845470693,0,0.0,0,0.0,returning
2024-09-18,2,0,25,58,0.0,2,15,67,0.13333333333333333,0.02857142857142857,0.21428571428571427,0,0.0,0,0.0,(not set)
2024-09-19,224,224,224,6198,0.07142857142857142,224,2361,6304,0.09487505294366794,0.03255340793489318,0.4432773109243697,0,0.0,0,0.0,new
2024-09-19,44,0,44,3328,0.022727272727272728,44,211,458,0.20853080568720378,0.09243697478991597,0.34311873274233395,0,0.0,0,0.0,returning
2024-09-19,1,0,8,0,0.0,1,15,63,0.06666666666666667,0.014084507042253521,0.2112676056338028,0,0.0,0,0.0,(not set)
2024-09-20,148,148,148,4954,0.07432432432432433,148,2341,6143,0.06322084579239641,0.021384193035688483,0.42916666666666664,0,0.0,0,0.0,new
2024-09-20,26,0,26,1871,0.038461538461538464,26,206,457,0.1262135922330097,0.05416666666666667,0.3382459182199104,0,0.0,0,0.0,returning
2024-09-20,2,0,11,47,0.0,2,14,65,0.14285714285714285,0.02857142857142857,0.2,0,0.0,0,0.0,(not set)
2024-09-21,36,36,36,1072,0.08333333333333333,36,2185,5974,0.016475972540045767,0.005552128315854411,0.4397463002114165,0,0.0,0,0.0,new
2024-09-21,7,0,7,460,0.0,7,208,457,0.03365384615384615,0.014799154334038054,0.33698334361505244,0,0.0,0,0.0,returning
2024-09-21,1,0,10,0,0.0,1,15,65,0.06666666666666667,0.015151515151515152,0.22727272727272727,0,0.0,0,0.0,(not set)
2024-09-22,64,63,64,3470,0.03125,64,1965,5879,0.03256997455470738,0.01024,0.4437367303609342,0,0.0,0,0.0,new
2024-09-22,11,0,11,186,0.09090909090909091,11,209,456,0.05263157894736842,0.02335456475583864,0.3144,0,0.0,0,0.0,returning
2024-09-22,0,0,6,0,0.0,0,14,64,0.0,0.0,0.21212121212121213,0,0.0,0,0.0,(not set)
2024-09-23,154,153,154,5848,0.045454545454545456,154,1376,5828,0.1119186046511628,0.024894924021985128,0.38979591836734695,0,0.0,0,0.0,new
2024-09-23,34,0,34,2618,0.0,34,191,464,0.17801047120418848,0.06938775510204082,0.22243776268994503,0,0.0,0,0.0,returning
2024-09-23,0,0,11,0,0.0,0,10,62,0.0,0.0,0.15384615384615385,0,0.0,0,0.0,(not set)
2024-09-24,132,132,132,5604,0.05303030303030303,132,963,5625,0.13707165109034267,0.02146690518783542,0.32193158953722334,0,0.0,0,0.0,new
2024-09-24,27,0,27,2128,0.0,27,160,468,0.16875,0.05432595573440644,0.15661083102943568,0,0.0,0,0.0,returning
2024-09-24,0,0,4,0,0.0,0,6,52,0.0,0.0,0.09375,0,0.0,0,0.0,(not set)
2024-09-25,162,162,162,5712,0.09876543209876543,162,918,5526,0.17647058823529413,0.026483570377636097,0.29025844930417494,0,0.0,0,0.0,new
2024-09-25,29,0,29,1717,0.13793103448275862,29,146,468,0.19863013698630136,0.05765407554671968,0.15007356547327122,0,0.0,0,0.0,returning
2024-09-25,0,0,15,0,0.0,0,4,29,0.0,0.0,0.06451612903225806,0,0.0,0,0.0,(not set)
2024-09-26,259,259,259,11409,0.09652509652509653,259,953,5516,0.27177334732423925,0.04283115594509674,0.2857142857142857,0,0.0,0,0.0,new
2024-09-26,37,0,37,1930,0.02702702702702703,37,148,472,0.25,0.07142857142857142,0.15759880932693898,0,0.0,0,0.0,returning
2024-09-26,3,0,12,73,0.3333333333333333,3,6,30,0.5,0.05555555555555555,0.1111111111111111,0,0.0,0,0.0,(not set)
2024-09-27,180,180,180,8494,0.13333333333333333,180,985,5531,0.18274111675126903,0.030170968823332214,0.294921875,0,0.0,0,0.0,new
2024-09-27,33,0,33,2818,0.030303030303030304,33,151,482,0.2185430463576159,0.064453125,0.1651022460610124,0,0.0,0,0.0,returning
2024-09-27,1,0,12,24,0.0,1,5,28,0.2,0.03125,0.15625,0,0.0,0,0.0,(not set)
2024-09-28,257,257,257,12126,0.10505836575875487,257,1207,5769,0.21292460646230324,0.04316425932146456,0.33267716535433073,0,0.0,0,0.0,new
2024-09-28,29,0,29,2065,0.13793103448275862,29,169,500,0.17159763313609466,0.05708661417322835,0.2027208599261001,0,0.0,0,0.0,returning
2024-09-28,1,0,6,14,0.0,1,5,29,0.2,0.03125,0.15625,0,0.0,0,0.0,(not set)
2024-09-29,288,288,288,11781,0.052083333333333336,288,1432,6053,0.2011173184357542,0.04743083003952569,0.35361216730038025,0,0.0,0,0.0,new
2024-09-29,34,0,34,3597,0.029411764705882353,34,186,521,0.1827956989247312,0.06463878326996197,0.23583662714097497,0,0.0,0,0.0,returning
2024-09-29,2,0,11,26,0.0,2,7,31,0.2857142857142857,0.06451612903225806,0.22580645161290322,0,0.0,0,0.0,(not set)
2024-09-30,183,184,183,12596,0.20765027322404372,183,1461,6205,0.12525667351129363,0.029326923076923077,0.340036563071298,0,0.0,0,0.0,new
2024-09-30,43,0,43,4738,0.046511627906976744,43,186,538,0.23118279569892472,0.07861060329067641,0.23413461538461539,0,0.0,0,0.0,returning
2024-09-30,0,0,13,0,0.0,0,7,31,0.0,0.0,0.22580645161290322,0,0.0,0,0.0,(not set)
2024-10-01,338,338,338,15475,0.05621301775147929,338,1666,6345,0.2028811524609844,0.051524390243902436,0.34965034965034963,0,0.0,0,0.0,new
2024-10-01,49,0,49,9634,0.02040816326530612,49,200,554,0.245,0.08566433566433566,0.25396341463414634,0,0.0,0,0.0,returning
2024-10-01,2,0,16,72,0.5,2,8,31,0.25,0.0625,0.25,0,0.0,0,0.0,(not set)
2024-10-02,192,191,192,8826,0.0625,192,1694,6329,0.11334120425029516,0.028541697636390664,0.34974533106960953,0,0.0,0,0.0,new
2024-10-02,46,0,46,3763,0.06521739130434782,46,206,571,0.22330097087378642,0.07809847198641766,0.29411764705882354,0,0.0,0,0.0,returning
2024-10-02,3,0,12,35,0.3333333333333333,3,10,32,0.3,0.08823529411764706,0.2518210197710718,0,0.0,0,0.0,(not set)
2024-10-03,257,257,257,8286,0.07782101167315175,257,1693,6409,0.151801535735381,0.03775525194652563,0.342668863261944,0,0.0,0,0.0,new
2024-10-03,54,0,54,6600,0.0,54,208,589,0.25961538461538464,0.08896210873146623,0.32432432432432434,0,0.0,0,0.0,returning
2024-10-03,4,0,14,40,0.0,4,12,36,0.3333333333333333,0.10810810810810811,0.24871455854267666,0,0.0,0,0.0,(not set)
2024-10-04,163,163,163,3970,0.10429447852760736,163,1676,6384,0.09725536992840096,0.024137420405745593,0.34887459807073956,0,0.0,0,0.0,new
2024-10-04,40,0,40,5274,0.05,40,217,593,0.18433179723502305,0.06430868167202572,0.3055555555555556,0,0.0,0,0.0,returning
2024-10-04,0,0,15,0,0.0,0,11,33,0.0,0.0,0.24818599141122463,0,0.0,0,0.0,(not set)
2024-10-05,224,224,224,5187,0.049107142857142856,224,1643,6452,0.1363359707851491,0.03295086790232421,0.34072900158478603,0,0.0,0,0.0,new
2024-10-05,24,0,24,788,0.08333333333333333,24,215,604,0.11162790697674418,0.03803486529318542,0.3333333333333333,0,0.0,0,0.0,returning
2024-10-05,3,0,14,9,0.0,3,13,36,0.23076923076923078,0.07692307692307693,0.2416887319799941,0,0.0,0,0.0,(not set)
2024-10-06,113,113,113,4366,0.04424778761061947,113,1468,6394,0.07697547683923706,0.01681297425978277,0.3333333333333333,0,0.0,0,0.0,new
2024-10-06,23,0,23,1298,0.08695652173913043,23,209,606,0.11004784688995216,0.03668261562998405,0.3055555555555556,0,0.0,0,0.0,returning
2024-10-06,0,0,17,0,0.0,0,11,36,0.0,0.0,0.2184198779943461,0,0.0,0,0.0,(not set)
2024-10-07,250,250,250,8652,0.056,250,1535,6471,0.16286644951140064,0.03675930010292604,0.31496062992125984,0,0.0,0,0.0,new
2024-10-07,32,0,32,3552,0.0625,32,200,609,0.16,0.050393700787401574,0.3055555555555556,0,0.0,0,0.0,returning
2024-10-07,1,0,11,0,0.0,1,11,35,0.09090909090909091,0.027777777777777776,0.22570210263196588,0,0.0,0,0.0,(not set)
2024-10-08,263,263,263,11632,0.034220532319391636,263,1462,6496,0.179890560875513,0.03809385863267671,0.3157894736842105,0,0.0,0,0.0,new
2024-10-08,40,0,40,2168,0.05,40,195,619,0.20512820512820512,0.06230529595015576,0.3037383177570093,0,0.0,0,0.0,returning
2024-10-08,2,0,13,16,0.0,2,12,37,0.16666666666666666,0.05263157894736842,0.21176129779837774,0,0.0,0,0.0,(not set)
2024-10-09,159,160,159,6024,0.07547169811320754,159,1429,6398,0.1112666200139958,0.023060188542422044,0.29493087557603687,0,0.0,0,0.0,new
2024-10-09,36,0,36,1887,0.027777777777777776,36,192,631,0.1875,0.055299539170506916,0.2702702702702703,0,0.0,0,0.0,returning
2024-10-09,0,0,11,0,0.0,0,10,37,0.0,0.0,0.20725163161711385,0,0.0,0,0.0,(not set)
2024-10-10,377,377,377,19704,0.050397877984084884,377,1549,6562,0.2433828276307295,0.05347517730496454,0.38,0,0.0,0,0.0,new
2024-10-10,47,0,47,4039,0.02127659574468085,47,188,642,0.25,0.07035928143712575,0.281437125748503,0,0.0,0,0.0,returning
2024-10-10,13,0,20,94,0.0,13,19,49,0.6842105263157895,0.26,0.21971631205673758,0,0.0,0,0.0,(not set)
2024-10-11,246,246,246,9326,0.08536585365853659,246,1632,6628,0.15073529411764705,0.03497298834233722,0.39215686274509803,0,0.0,0,0.0,new
2024-10-11,35,0,35,1704,0.02857142857142857,35,183,648,0.1912568306010929,0.051470588235294115,0.2691176470588235,0,0.0,0,0.0,returning
2024-10-11,1,0,10,8,0.0,1,20,47,0.05,0.0196078431372549,0.23201592266135912,0,0.0,0,0.0,(not set)
2024-10-12,525,525,525,18684,0.08761904761904762,525,1933,6938,0.27159855147439216,0.07186858316221766,0.3888888888888889,0,0.0,0,0.0,new
2024-10-12,31,0,31,5691,0.0967741935483871,31,190,673,0.1631578947368421,0.04486251808972504,0.27496382054992763,0,0.0,0,0.0,returning
2024-10-12,4,0,12,22,0.0,4,21,51,0.19047619047619047,0.07407407407407407,0.2646132785763176,0,0.0,0,0.0,(not set)
2024-10-13,515,513,515,14538,0.07572815533980583,515,2333,7161,0.22074582083154737,0.06747019520503078,0.4339622641509434,0,0.0,0,0.0,new
2024-10-13,37,0,37,11071,0.08108108108108109,37,198,693,0.18686868686868688,0.052556818181818184,0.3056465347831783,0,0.0,0,0.0,returning
2024-10-13,2,0,11,50,0.0,2,23,52,0.08695652173913043,0.03773584905660377,0.28125,0,0.0,0,0.0,(not set)
2024-10-14,408,408,408,16118,0.056372549019607844,408,2491,6857,0.16378964271376958,0.05188859214040443,0.5571428571428572,0,0.0,0,0.0,new
2024-10-14,43,0,43,2536,0.0,43,207,680,0.20772946859903382,0.059147180192572216,0.3168002034846751,0,0.0,0,0.0,returning
2024-10-14,17,0,30,118,0.0,17,39,65,0.4358974358974359,0.24285714285714285,0.28473177441540576,0,0.0,0,0.0,(not set)
2024-10-15,236,235,236,10690,0.11016949152542373,236,2463,6544,0.09581810799837596,0.030233153984114785,0.5555555555555556,0,0.0,0,0.0,new
2024-10-15,45,0,45,3174,0.044444444444444446,45,210,658,0.21428571428571427,0.06056527590847914,0.31552651806302845,0,0.0,0,0.0,returning
2024-10-15,4,0,12,388,0.25,4,40,64,0.1,0.05555555555555555,0.28263795423956933,0,0.0,0,0.0,(not set)
2024-10-16,361,361,361,13792,0.019390581717451522,361,2664,6689,0.13551051051051052,0.04852150537634409,0.6493506493506493,0,0.0,0,0.0,new
2024-10-16,53,0,53,7419,0.018867924528301886,53,224,660,0.23660714285714285,0.07191316146540028,0.3580645161290323,0,0.0,0,0.0,returning
2024-10-16,10,0,23,79,0.0,10,50,72,0.2,0.12987012987012986,0.3039348710990502,0,0.0,0,0.0,(not set)
2024-10-17,930,930,930,31122,0.08817204301075268,930,3217,7380,0.2890892135529997,0.11900191938579655,0.5443037974683544,0,0.0,0,0.0,new
2024-10-17,58,0,58,8543,0.08620689655172414,58,231,676,0.2510822510822511,0.07988980716253444,0.4116442738323736,0,0.0,0,0.0,returning
2024-10-17,5,0,17,63,0.0,5,43,77,0.11627906976744186,0.06329113924050633,0.3181818181818182,0,0.0,0,0.0,(not set)
2024-10-18,447,447,447,17719,0.15436241610738255,447,3417,7680,0.13081650570676032,0.055452177149237065,0.5512820512820513,0,0.0,0,0.0,new
2024-10-18,44,0,44,4014,0.06818181818181818,44,239,687,0.18410041841004185,0.06111111111111111,0.423892817268329,0,0.0,0,0.0,returning
2024-10-18,1,0,14,0,0.0,1,43,76,0.023255813953488372,0.01282051282051282,0.33194444444444443,0,0.0,0,0.0,(not set)
2024-10-19,343,343,343,11933,0.09329446064139942,343,3237,7981,0.1059623107815879,0.04199314397649363,0.5185185185185185,0,0.0,0,0.0,new
2024-10-19,24,0,24,979,0.08333333333333333,24,233,701,0.10300429184549356,0.03337969401947149,0.3963026444662096,0,0.0,0,0.0,returning
2024-10-19,3,0,9,30,0.0,3,42,78,0.07142857142857142,0.037037037037037035,0.3240611961057024,0,0.0,0,0.0,(not set)
2024-10-20,188,188,188,6874,0.13829787234042554,188,2910,8137,0.06460481099656358,0.02285158624042786,0.5185185185185185,0,0.0,0,0.0,new
2024-10-20,30,0,30,752,0.13333333333333333,30,229,717,0.13100436681222707,0.04132231404958678,0.35371338276406955,0,0.0,0,0.0,returning
2024-10-20,2,0,11,19,0.5,2,42,80,0.047619047619047616,0.024691358024691357,0.3154269972451791,0,0.0,0,0.0,(not set)
2024-10-21,364,362,364,9141,0.06043956043956044,364,2865,8343,0.12705061082024433,0.042508466658881236,0.36046511627906974,0,0.0,0,0.0,new
2024-10-21,54,0,54,7366,0.09259259259259259,54,232,719,0.23275862068965517,0.072,0.33457900268597457,0,0.0,0,0.0,returning
2024-10-21,6,0,19,23,0.0,6,31,86,0.1935483870967742,0.06976744186046512,0.30933333333333335,0,0.0,0,0.0,(not set)
2024-10-22,198,198,198,7511,0.08080808080808081,198,2828,8402,0.07001414427157002,0.022771707878090856,0.32954545454545453,0,0.0,0,0.0,new
2024-10-22,43,0,43,1402,0.023255813953488372,43,239,727,0.1799163179916318,0.05569948186528497,0.3252443933294997,0,0.0,0,0.0,returning
2024-10-22,2,0,21,6,0.0,2,29,88,0.06896551724137931,0.022727272727272728,0.30958549222797926,0,0.0,0,0.0,(not set)
2024-10-23,290,291,290,9891,0.04482758620689655,290,2757,8573,0.10518679724338048,0.0327980095001131,0.3127413127413127,0,0.0,0,0.0,new
2024-10-23,57,0,57,2460,0.03508771929824561,57,243,736,0.2345679012345679,0.07335907335907337,0.3118072834200407,0,0.0,0,0.0,returning
2024-10-23,2,0,16,57,0.0,2,21,90,0.09523809523809523,0.022222222222222223,0.23333333333333334,0,0.0,0,0.0,(not set)
2024-10-24,181,181,181,6786,0.143646408839779,181,2009,8485,0.09009457441513191,0.020369119963988297,0.2964376590330789,0,0.0,0,0.0,new
2024-10-24,48,0,48,4231,0.020833333333333332,48,233,738,0.20600858369098712,0.061068702290076333,0.22608597794283142,0,0.0,0,0.0,returning
2024-10-24,2,0,15,16,0.0,2,18,90,0.1111111111111111,0.021739130434782608,0.1956521739130435,0,0.0,0,0.0,(not set)
2024-10-25,201,200,201,7228,0.12437810945273632,201,1762,8492,0.11407491486946651,0.02247819279803176,0.2960609911054638,0,0.0,0,0.0,new
2024-10-25,47,0,47,2365,0.1276595744680851,47,233,747,0.2017167381974249,0.05972045743329098,0.19704764034891523,0,0.0,0,0.0,returning
2024-10-25,1,0,16,7,0.0,1,18,90,0.05555555555555555,0.010752688172043012,0.1935483870967742,0,0.0,0,0.0,(not set)
2024-10-26,169,169,169,6127,0.15976331360946747,169,1588,8412,0.10642317380352645,0.01911764705882353,0.3053435114503817,0,0.0,0,0.0,new
2024-10-26,32,0,32,796,0.15625,32,240,750,0.13333333333333333,0.04071246819338423,0.17963800904977376,0,0.0,0,0.0,returning
2024-10-26,0,0,14,0,0.0,0,15,89,0.0,0.0,0.16483516483516483,0,0.0,0,0.0,(not set)
2024-10-27,187,186,187,6892,0.16042780748663102,187,1588,8317,0.11775818639798488,0.02114906129834879,0.29924242424242425,0,0.0,0,0.0,new
2024-10-27,31,0,31,1974,0.12903225806451613,31,237,748,0.1308016877637131,0.039141414141414144,0.17959737615923999,0,0.0,0,0.0,returning
2024-10-27,3,0,8,20,0.0,3,16,90,0.1875,0.03225806451612903,0.17204301075268819,0,0.0,0,0.0,(not set)
2024-10-28,243,243,243,8721,0.13991769547325103,243,1467,8398,0.1656441717791411,0.02745762711864407,0.29375,0,0.0,0,0.0,new
2024-10-28,48,0,48,9134,0.14583333333333334,48,235,752,0.20425531914893616,0.06,0.16576271186440678,0,0.0,0,0.0,returning
2024-10-28,2,0,24,33,0.5,2,11,91,0.18181818181818182,0.021505376344086023,0.11827956989247312,0,0.0,0,0.0,(not set)
2024-10-29,250,250,250,8533,0.104,250,1519,8312,0.16458196181698487,0.028312570781426953,0.30778739184178,0,0.0,0,0.0,new
2024-10-29,53,0,53,4977,0.1320754716981132,53,249,756,0.21285140562248997,0.06551297898640297,0.17202718006795018,0,0.0,0,0.0,returning
2024-10-29,1,0,15,32,0.0,1,10,91,0.1,0.010869565217391304,0.10869565217391304,0,0.0,0,0.0,(not set)
2024-10-30,197,197,197,8504,0.1218274111675127,197,1426,8285,0.13814866760168304,0.022307779413429964,0.3017241379310345,0,0.0,0,0.0,new
2024-10-30,49,0,49,2618,0.16326530612244897,49,245,762,0.2,0.0603448275862069,0.16147661646472652,0,0.0,0,0.0,returning
2024-10-30,3,0,17,26,0.0,3,12,92,0.25,0.031578947368421054,0.12631578947368421,0,0.0,0,0.0,(not set)
2024-10-31,174,174,174,10164,0.1724137931034483,174,1419,8196,0.1226215644820296,0.02009005888465535,0.29109159347553326,0,0.0,0,0.0,new
2024-10-31,24,0,24,1730,0.20833333333333334,24,232,745,0.10344827586206896,0.030112923462986198,0.16383789400762036,0,0.0,0,0.0,returning
2024-10-31,2,0,11,78,0.0,2,12,90,0.16666666666666666,0.020833333333333332,0.125,0,0.0,0,0.0,(not set)
2024-11-01,228,228,228,8057,0.15789473684210525,228,1446,8270,0.15767634854771784,0.026243093922651933,0.2770780856423174,0,0.0,0,0.0,new
2024-11-01,38,0,38,5058,0.2894736842105263,38,220,742,0.17272727272727273,0.04785894206549118,0.1941747572815534,0,0.0,0,0.0,returning
2024-11-01,9,0,23,74,0.0,9,20,99,0.45,0.08737864077669903,0.1664364640883978,0,0.0,0,0.0,(not set)
2024-11-02,157,158,157,6344,0.16560509554140126,157,1434,8189,0.10948396094839609,0.018272811918063316,0.2681992337164751,0,0.0,0,0.0,new
2024-11-02,37,0,37,7482,0.1891891891891892,37,210,741,0.1761904761904762,0.04725415070242656,0.21782178217821782,0,0.0,0,0.0,returning
2024-11-02,2,0,10,8,0.0,2,22,98,0.09090909090909091,0.019801980198019802,0.16689944134078213,0,0.0,0,0.0,(not set)
2024-11-03,148,148,148,5109,0.17567567567567569,148,1395,8232,0.1060931899641577,0.01725343903007694,0.2613195342820181,0,0.0,0,0.0,new
2024-11-03,18,0,18,1380,0.16666666666666666,18,202,736,0.0891089108910891,0.02328589909443726,0.18811881188118812,0,0.0,0,0.0,returning
2024-11-03,0,0,12,0,0.0,0,19,98,0.0,0.0,0.16262532058754955,0,0.0,0,0.0,(not set)
2024-11-04,128,126,128,3303,0.1328125,128,1278,8122,0.10015649452269171,0.015117515058462266,0.2490372272143774,0,0.0,0,0.0,new
2024-11-04,29,0,29,2172,0.20689655172413793,29,194,746,0.14948453608247422,0.037227214377406934,0.17346938775510204,0,0.0,0,0.0,returning
2024-11-04,0,0,14,0,0.0,0,17,97,0.0,0.0,0.15093893941183417,0,0.0,0,0.0,(not set)
2024-11-05,154,155,154,4724,0.14935064935064934,154,1183,8017,0.1301775147928994,0.018051811042081818,0.22988505747126436,0,0.0,0,0.0,new
2024-11-05,39,0,39,1931,0.2564102564102564,39,180,746,0.21666666666666667,0.04980842911877394,0.17346938775510204,0,0.0,0,0.0,returning
2024-11-05,1,0,18,9,0.0,1,17,95,0.058823529411764705,0.01020408163265306,0.13867073027781035,0,0.0,0,0.0,(not set)
2024-11-06,94,94,94,2317,0.10638297872340426,94,1080,7947,0.08703703703703704,0.011217183770883056,0.21483375959079284,0,0.0,0,0.0,new
2024-11-06,33,0,33,2823,0.030303030303030304,33,168,740,0.19642857142857142,0.04219948849104859,0.16326530612244897,0,0.0,0,0.0,returning
2024-11-06,3,0,16,17,0.0,3,16,96,0.1875,0.030612244897959183,0.1288782816229117,0,0.0,0,0.0,(not set)
2024-11-07,209,209,209,7765,0.11483253588516747,209,1115,7835,0.18744394618834082,0.02504493708807669,0.23506988564167725,0,0.0,0,0.0,new
2024-11-07,40,0,40,3564,0.175,40,185,742,0.21621621621621623,0.05082592121982211,0.14583333333333334,0,0.0,0,0.0,returning
2024-11-07,1,0,21,9,0.0,1,14,84,0.07142857142857142,0.010416666666666666,0.13361294188136608,0,0.0,0,0.0,(not set)
2024-11-08,157,157,157,5243,0.08280254777070063,157,1045,7737,0.15023923444976076,0.01883171404581984,0.23155216284987276,0,0.0,0,0.0,new
2024-11-08,30,0,30,2942,0.16666666666666666,30,182,744,0.16483516483516483,0.03816793893129771,0.12534484826676262,0,0.0,0,0.0,returning
2024-11-08,3,0,16,8,0.0,3,7,85,0.42857142857142855,0.030612244897959183,0.07142857142857142,0,0.0,0,0.0,(not set)
2024-11-09,140,139,140,6096,0.19285714285714287,140,1027,7349,0.13631937682570594,0.017226528854435832,0.23047375160051217,0,0.0,0,0.0,new
2024-11-09,27,0,27,679,0.18518518518518517,27,180,741,0.15,0.034571062740076826,0.12636889381075428,0,0.0,0,0.0,returning
2024-11-09,0,0,7,0,0.0,0,5,81,0.0,0.0,0.05813953488372093,0,0.0,0,0.0,(not set)
2024-11-10,154,154,154,6336,0.14285714285714285,154,1035,6971,0.14879227053140096,0.019192422731804586,0.23205128205128206,0,0.0,0,0.0,new
2024-11-10,21,0,21,1006,0.2857142857142857,21,181,732,0.11602209944751381,0.026923076923076925,0.12898803589232302,0,0.0,0,0.0,returning
2024-11-10,0,0,6,0,0.0,0,5,79,0.0,0.0,0.058823529411764705,0,0.0,0,0.0,(not set)
2024-11-11,143,143,143,3745,0.09090909090909091,143,1050,6689,0.1361904761904762,0.018714827902107056,0.22997416020671835,0,0.0,0,0.0,new
2024-11-11,39,0,39,4902,0.3076923076923077,39,178,722,0.21910112359550563,0.050387596899224806,0.13741656851197487,0,0.0,0,0.0,returning
2024-11-11,3,0,11,0,0.0,3,7,64,0.42857142857142855,0.03614457831325301,0.08433734939759036,0,0.0,0,0.0,(not set)
2024-11-12,272,272,272,7159,0.08455882352941177,272,1168,6718,0.2328767123287671,0.0367816091954023,0.23938223938223938,0,0.0,0,0.0,new
2024-11-12,43,0,43,6806,0.23255813953488372,43,186,729,0.23118279569892472,0.055341055341055344,0.1579445571331981,0,0.0,0,0.0,returning
2024-11-12,3,0,15,23,0.0,3,9,63,0.3333333333333333,0.03614457831325301,0.10843373493975904,0,0.0,0,0.0,(not set)
2024-11-13,130,130,130,4028,0.1076923076923077,130,1204,6490,0.1079734219269103,0.018317598985486825,0.24317295188556567,0,0.0,0,0.0,new
2024-11-13,42,0,42,1819,0.21428571428571427,42,187,718,0.22459893048128343,0.054616384915474644,0.16964914752712415,0,0.0,0,0.0,returning
2024-11-13,0,0,16,0,0.0,0,8,54,0.0,0.0,0.12121212121212122,0,0.0,0,0.0,(not set)
2024-11-14,195,194,195,4802,0.08205128205128205,195,1189,5729,0.16400336417157274,0.027624309392265192,0.2342931937172775,0,0.0,0,0.0,new
2024-11-14,35,0,35,2899,0.3142857142857143,35,179,699,0.19553072625698323,0.04581151832460733,0.1684374557302734,0,0.0,0,0.0,returning
2024-11-14,2,0,13,77,0.5,2,10,51,0.2,0.03076923076923077,0.15384615384615385,0,0.0,0,0.0,(not set)
2024-11-15,186,186,186,7065,0.12365591397849462,186,1219,5468,0.15258408531583265,0.02703095480308095,0.246684350132626,0,0.0,0,0.0,new
2024-11-15,37,0,37,6123,0.13513513513513514,37,186,693,0.1989247311827957,0.04907161803713528,0.17715448335997674,0,0.0,0,0.0,returning
2024-11-15,4,0,22,385,0.25,4,10,53,0.4,0.06779661016949153,0.1694915254237288,0,0.0,0,0.0,(not set)
2024-11-16,137,137,137,6639,0.1678832116788321,137,1216,5262,0.11266447368421052,0.02263340492317859,0.24180327868852458,0,0.0,0,0.0,new
2024-11-16,16,0,16,108,0.125,16,177,688,0.0903954802259887,0.02185792349726776,0.2008921196101107,0,0.0,0,0.0,returning
2024-11-16,1,0,10,9,0.0,1,11,51,0.09090909090909091,0.01818181818181818,0.2,0,0.0,0,0.0,(not set)
2024-11-17,197,196,197,6995,0.15228426395939088,197,1258,5272,0.15659777424483307,0.03395380903136849,0.23922114047287898,0,0.0,0,0.0,new
2024-11-17,19,0,19,504,0.2631578947368421,19,172,677,0.11046511627906977,0.02642559109874826,0.21818181818181817,0,0.0,0,0.0,returning
2024-11-17,1,0,9,0,0.0,1,12,50,0.08333333333333333,0.01818181818181818,0.21682178559117546,0,0.0,0,0.0,(not set)
2024-11-18,286,286,286,5634,0.045454545454545456,286,1401,5195,0.20413990007137758,0.04979108635097493,0.2631578947368421,0,0.0,0,0.0,new
2024-11-18,35,0,35,7216,0.2571428571428571,35,166,664,0.21084337349397592,0.04888268156424581,0.2439066852367688,0,0.0,0,0.0,returning
2024-11-18,7,0,19,24,0.14285714285714285,7,15,49,0.4666666666666667,0.12280701754385964,0.23184357541899442,0,0.0,0,0.0,(not set)
2024-11-19,237,236,237,7572,0.08438818565400844,237,1365,5233,0.17362637362637362,0.04089732528041415,0.2545454545454545,0,0.0,0,0.0,new
2024-11-19,41,0,41,9519,0.1951219512195122,41,162,662,0.25308641975308643,0.05742296918767507,0.2355478861087144,0,0.0,0,0.0,returning
2024-11-19,0,0,14,0,0.0,0,14,47,0.0,0.0,0.226890756302521,0,0.0,0,0.0,(not set)
2024-11-20,307,306,307,9270,0.08794788273615635,307,1542,5249,0.19909208819714655,0.05351228865260589,0.3137254901960784,0,0.0,0,0.0,new
2024-11-20,44,0,44,9573,0.20454545454545456,44,165,655,0.26666666666666666,0.06188466947960619,0.26878159316716055,0,0.0,0,0.0,returning
2024-11-20,3,0,15,124,0.3333333333333333,3,16,48,0.1875,0.058823529411764705,0.2320675105485232,0,0.0,0,0.0,(not set)
2024-11-21,198,198,198,6316,0.05555555555555555,198,1545,5267,0.12815533980582525,0.03451281157399338,0.36538461538461536,0,0.0,0,0.0,new
2024-11-21,48,0,48,3011,0.08333333333333333,48,170,651,0.2823529411764706,0.0676056338028169,0.26930451455464527,0,0.0,0,0.0,returning
2024-11-21,4,0,14,89,0.25,4,19,49,0.21052631578947367,0.07692307692307693,0.23943661971830985,0,0.0,0,0.0,(not set)
2024-11-22,621,621,621,10391,0.024154589371980676,621,1980,5687,0.31363636363636366,0.10310476506724224,0.34545454545454546,0,0.0,0,0.0,new
2024-11-22,43,0,43,878,0.11627906976744186,43,179,650,0.24022346368715083,0.061079545454545456,0.32873983064917817,0,0.0,0,0.0,returning
2024-11-22,4,0,17,70,0.0,4,19,52,0.21052631578947367,0.07272727272727272,0.25426136363636365,0,0.0,0,0.0,(not set)
2024-11-23,329,329,329,6229,0.06382978723404255,329,2173,5849,0.1514035895075932,0.05336577453365775,0.3524736415247364,0,0.0,0,0.0,new
2024-11-23,41,0,41,1559,0.12195121951219512,41,203,657,0.2019704433497537,0.05742296918767507,0.35185185185185186,0,0.0,0,0.0,returning
2024-11-23,1,0,14,0,0.0,1,19,53,0.05263157894736842,0.018518518518518517,0.28431372549019607,0,0.0,0,0.0,(not set)
2024-11-24,224,224,224,6886,0.13839285714285715,224,2201,5886,0.10177192185370286,0.03630470016207456,0.39655172413793105,0,0.0,0,0.0,new
2024-11-24,23,0,23,284,0.13043478260869565,23,207,651,0.1111111111111111,0.03281027104136947,0.3567260940032415,0,0.0,0,0.0,returning
2024-11-24,5,0,16,10,0.0,5,23,55,0.21739130434782608,0.08620689655172414,0.29529243937232524,0,0.0,0,0.0,(not set)
2024-11-25,236,236,236,6265,0.09322033898305085,236,2151,5879,0.1097164109716411,0.03773584905660377,0.34393987847777424,0,0.0,0,0.0,new
2024-11-25,35,0,35,4439,0.2,35,206,640,0.16990291262135923,0.05065123010130246,0.2981186685962373,0,0.0,0,0.0,returning
2024-11-25,1,0,11,0,0.0,1,17,53,0.058823529411764705,0.017241379310344827,0.29310344827586204,0,0.0,0,0.0,(not set)
2024-11-26,243,244,243,9687,0.12757201646090535,243,2158,5873,0.11260426320667284,0.03845545181199557,0.3968253968253968,0,0.0,0,0.0,new
2024-11-26,52,0,52,6700,0.3269230769230769,52,215,628,0.24186046511627907,0.07503607503607504,0.34150973255261907,0,0.0,0,0.0,returning
2024-11-26,8,0,18,79,0.25,8,25,60,0.32,0.12698412698412698,0.31024531024531027,0,0.0,0,0.0,(not set)
2024-11-27,174,174,174,4711,0.09770114942528736,174,2025,5850,0.08592592592592592,0.027764480612733365,0.40625,0,0.0,0,0.0,new
2024-11-27,30,0,30,5243,0.26666666666666666,30,211,620,0.14218009478672985,0.04411764705882353,0.3231211105792245,0,0.0,0,0.0,returning
2024-11-27,4,0,14,768,0.0,4,26,60,0.15384615384615385,0.0625,0.31029411764705883,0,0.0,0,0.0,(not set)
2024-11-28,192,192,192,6623,0.10416666666666667,192,2019,5869,0.0950965824665676,0.03090294543698696,0.359375,0,0.0,0,0.0,new
2024-11-28,37,0,37,1953,0.21621621621621623,37,198,622,0.18686868686868688,0.05597579425113464,0.324963785610816,0,0.0,0,0.0,returning
2024-11-28,1,0,7,0,0.0,1,23,59,0.043478260869565216,0.015625,0.29954614220877457,0,0.0,0,0.0,(not set)
2024-11-29,261,259,261,8924,0.04980842911877394,261,1657,5901,0.15751357875678937,0.04150763358778626,0.3387096774193548,0,0.0,0,0.0,new
2024-11-29,40,0,40,3957,0.175,40,187,616,0.21390374331550802,0.06153846153846154,0.2876923076923077,0,0.0,0,0.0,returning
2024-11-29,1,0,19,0,0.0,1,21,51,0.047619047619047616,0.016129032258064516,0.2635178117048346,0,0.0,0,0.0,(not set)
2024-11-30,192,192,192,4450,0.09895833333333333,192,1520,5936,0.12631578947368421,0.030326962565155585,0.3709677419354839,0,0.0,0,0.0,new
2024-11-30,18,0,18,1485,0.2222222222222222,18,165,609,0.10909090909090909,0.02773497688751926,0.2542372881355932,0,0.0,0,0.0,returning
2024-11-30,3,0,13,184,0.3333333333333333,3,23,51,0.13043478260869565,0.04838709677419355,0.24008845364081505,0,0.0,0,0.0,(not set)
2024-12-01,236,235,236,5584,0.0635593220338983,236,1531,6025,0.1541476159372959,0.0371946414499606,0.36363636363636365,0,0.0,0,0.0,new
2024-12-01,30,0,30,1488,0.2,30,170,614,0.17647058823529413,0.046153846153846156,0.26153846153846155,0,0.0,0,0.0,returning
2024-12-01,2,0,10,2,0.0,2,20,53,0.1,0.03636363636363636,0.2412923561859732,0,0.0,0,0.0,(not set)
2024-12-02,921,921,921,14654,0.02714440825190011,921,2216,6837,0.41561371841155237,0.12937210282343026,0.4426229508196721,0,0.0,0,0.0,new
2024-12-02,63,0,63,2624,0.12698412698412698,63,194,632,0.3247422680412371,0.09402985074626866,0.3112796741115325,0,0.0,0,0.0,returning
2024-12-02,8,0,18,37,0.0,8,27,61,0.2962962962962963,0.13114754098360656,0.28955223880597014,0,0.0,0,0.0,(not set)
2024-12-03,477,477,477,9875,0.05660377358490566,477,2450,7125,0.1946938775510204,0.06427705161029511,0.3787878787878788,0,0.0,0,0.0,new
2024-12-03,60,0,60,2503,0.08333333333333333,60,208,655,0.28846153846153844,0.08595988538681948,0.33014418541975477,0,0.0,0,0.0,returning
2024-12-03,6,0,46,47,0.0,6,25,66,0.24,0.09090909090909091,0.2979942693409742,0,0.0,0,0.0,(not set)
2024-12-04,306,306,306,8812,0.06862745098039216,306,2582,7337,0.1185127807900852,0.04027905752270633,0.375,0,0.0,0,0.0,new
2024-12-04,59,0,59,3087,0.11864406779661017,59,233,676,0.2532188841201717,0.08263305322128851,0.33987100171120177,0,0.0,0,0.0,returning
2024-12-04,7,0,38,323,0.14285714285714285,7,27,71,0.25925925925925924,0.09722222222222222,0.32633053221288516,0,0.0,0,0.0,(not set)
2024-12-05,224,224,224,10123,0.13839285714285715,224,2616,7333,0.0856269113149847,0.02928487383971761,0.43037974683544306,0,0.0,0,0.0,new
2024-12-05,46,0,46,4965,0.2608695652173913,46,246,679,0.18699186991869918,0.0638002773925104,0.34200549091384497,0,0.0,0,0.0,returning
2024-12-05,8,0,38,6,0.0,8,34,78,0.23529411764705882,0.10126582278481013,0.34119278779472956,0,0.0,0,0.0,(not set)
2024-12-06,177,177,177,4780,0.12429378531073447,177,2532,7335,0.06990521327014218,0.0229126213592233,0.4578313253012048,0,0.0,0,0.0,new
2024-12-06,41,0,41,3840,0.21951219512195122,41,246,682,0.16666666666666666,0.05694444444444444,0.3416666666666667,0,0.0,0,0.0,returning
2024-12-06,5,0,26,0,0.0,5,38,80,0.13157894736842105,0.060240963855421686,0.32776699029126216,0,0.0,0,0.0,(not set)
2024-12-07,252,252,252,8149,0.1111111111111111,252,2593,7435,0.09718472811415349,0.0325497287522604,0.42857142857142855,0,0.0,0,0.0,new
2024-12-07,25,0,25,1886,0.12,25,251,680,0.099601593625498,0.034916201117318434,0.3505586592178771,0,0.0,0,0.0,returning
2024-12-07,1,0,23,0,0.0,1,36,81,0.027777777777777776,0.011904761904761904,0.33492637561353655,0,0.0,0,0.0,(not set)
2024-12-08,309,309,309,8372,0.06472491909385113,309,2666,7605,0.1159039759939985,0.039118875807064184,0.41975308641975306,0,0.0,0,0.0,new
2024-12-08,39,0,39,1730,0.07692307692307693,39,269,699,0.1449814126394052,0.05277401894451962,0.36400541271989173,0,0.0,0,0.0,returning
2024-12-08,0,0,23,0,0.0,0,34,81,0.0,0.0,0.3375110773515635,0,0.0,0,0.0,(not set)
2024-12-09,289,285,289,8022,0.06228373702422145,289,2030,7720,0.14236453201970442,0.036025928696085764,0.35294117647058826,0,0.0,0,0.0,new
2024-12-09,53,0,53,5519,0.18867924528301888,53,263,715,0.20152091254752852,0.07057256990679095,0.35019973368841545,0,0.0,0,0.0,returning
2024-12-09,4,0,23,11,0.0,4,30,83,0.13333333333333333,0.047058823529411764,0.2530541012216405,0,0.0,0,0.0,(not set)
2024-12-10,323,323,323,12877,0.08359133126934984,323,1876,7790,0.17217484008528786,0.039395048176606905,0.3298429319371728,0,0.0,0,0.0,new
2024-12-10,47,0,47,3790,0.2127659574468085,47,252,720,0.1865079365079365,0.061518324607329845,0.3103448275862069,0,0.0,0,0.0,returning
2024-12-10,2,0,26,0,0.0,2,27,84,0.07407407407407407,0.022988505747126436,0.2288083912672277,0,0.0,0,0.0,(not set)
2024-12-11,285,285,285,6968,0.05263157894736842,285,1855,7944,0.15363881401617252,0.03412356321839081,0.3009079118028534,0,0.0,0,0.0,new
2024-12-11,47,0,47,3554,0.1276595744680851,47,232,725,0.2025862068965517,0.0609597924773022,0.2558139534883721,0,0.0,0,0.0,returning
2024-12-11,2,0,24,53,0.0,2,22,85,0.09090909090909091,0.023255813953488372,0.22210249042145594,0,0.0,0,0.0,(not set)
2024-12-12,357,356,357,9222,0.09243697478991597,357,1986,8091,0.1797583081570997,0.04242424242424243,0.3097686375321337,0,0.0,0,0.0,new
2024-12-12,52,0,52,2081,0.1346153846153846,52,241,738,0.2157676348547718,0.06683804627249357,0.23600713012477717,0,0.0,0,0.0,returning
2024-12-12,5,0,26,0,0.0,5,19,90,0.2631578947368421,0.05555555555555555,0.2111111111111111,0,0.0,0,0.0,(not set)
2024-12-13,229,229,229,7355,0.10043668122270742,229,2037,8114,0.11242022582228768,0.02697608670043586,0.3248730964467005,0,0.0,0,0.0,new
2024-12-13,50,0,50,2128,0.2,50,256,750,0.1953125,0.06345177664974619,0.23995759217811286,0,0.0,0,0.0,returning
2024-12-13,6,0,18,0,0.0,6,20,93,0.3,0.0625,0.20833333333333334,0,0.0,0,0.0,(not set)
2024-12-14,215,215,215,7612,0.12093023255813953,215,2001,8194,0.10744627686156921,0.025261426389378453,0.32914572864321606,0,0.0,0,0.0,new
2024-12-14,31,0,31,742,0.06451612903225806,31,262,764,0.1183206106870229,0.038944723618090454,0.23510750793091292,0,0.0,0,0.0,returning
2024-12-14,3,0,17,0,0.0,3,22,95,0.13636363636363635,0.030303030303030304,0.2222222222222222,0,0.0,0,0.0,(not set)
2024-12-15,260,260,260,4434,0.08076923076923077,260,1956,8270,0.1329243353783231,0.030292438541302574,0.3208955223880597,0,0.0,0,0.0,new
2024-12-15,38,0,38,1211,0.10526315789473684,38,258,779,0.14728682170542637,0.0472636815920398,0.22916666666666666,0,0.0,0,0.0,returning
2024-12-15,0,0,28,0,0.0,0,22,94,0.0,0.0,0.22789234533379937,0,0.0,0,0.0,(not set)
2024-12-16,578,556,578,13749,0.04325259515570934,578,2244,8544,0.25757575757575757,0.06409403415391439,0.32461355529131986,0,0.0,0,0.0,new
2024-12-16,70,0,70,3613,0.08571428571428572,70,273,810,0.2564102564102564,0.08323424494649227,0.2488356620093147,0,0.0,0,0.0,returning
2024-12-16,5,0,28,47,0.4,5,23,93,0.21739130434782608,0.05,0.23,0,0.0,0,0.0,(not set)
2024-12-17,522,489,522,11604,0.05938697318007663,522,2442,8792,0.21375921375921375,0.05612299752714762,0.32837528604118993,0,0.0,0,0.0,new
2024-12-17,65,0,65,6795,0.0,65,287,836,0.2264808362369338,0.07437070938215103,0.30973451327433627,0,0.0,0,0.0,returning
2024-12-17,15,0,37,698,0.6666666666666666,15,35,107,0.42857142857142855,0.13274336283185842,0.26255241371895494,0,0.0,0,0.0,(not set)
2024-12-18,442,411,442,10455,0.06561085972850679,442,2599,8919,0.17006540977298962,0.04677248677248677,0.3706896551724138,0,0.0,0,0.0,new
2024-12-18,54,0,54,6145,0.0,54,300,853,0.18,0.06040268456375839,0.33557046979865773,0,0.0,0,0.0,returning
2024-12-18,11,0,35,1275,0.9090909090909091,11,43,114,0.2558139534883721,0.09482758620689655,0.275026455026455,0,0.0,0,0.0,(not set)
2024-12-19,245,232,245,6296,0.044897959183673466,245,2485,8966,0.09859154929577464,0.025862978992927266,0.35,0,0.0,0,0.0,new
2024-12-19,40,0,40,4772,0.0,40,290,846,0.13793103448275862,0.0446927374301676,0.3240223463687151,0,0.0,0,0.0,returning
2024-12-19,8,0,28,3,0.5,8,42,114,0.19047619047619047,0.06666666666666667,0.26232450121397655,0,0.0,0,0.0,(not set)
2024-12-20,287,278,287,6448,0.0313588850174216,287,2542,8659,0.11290322580645161,0.030457391488910114,0.3387096774193548,0,0.0,0,0.0,new
2024-12-20,43,0,43,1657,0.046511627906976744,43,288,843,0.14930555555555555,0.04793756967670011,0.3210702341137124,0,0.0,0,0.0,returning
2024-12-20,9,0,17,18,0.4444444444444444,9,42,118,0.21428571428571427,0.07258064516129033,0.26976546747320385,0,0.0,0,0.0,(not set)
2024-12-21,207,197,207,5995,0.05314009661835749,207,2534,8514,0.08168902920284135,0.021983857264231094,0.3360655737704918,0,0.0,0,0.0,new
2024-12-21,17,0,17,179,0.0,17,273,819,0.06227106227106227,0.019230769230769232,0.3088235294117647,0,0.0,0,0.0,returning
2024-12-21,3,0,15,0,0.3333333333333333,3,41,119,0.07317073170731707,0.02459016393442623,0.26911639762107054,0,0.0,0,0.0,(not set)
2024-12-22,166,163,166,3381,0.012048192771084338,166,2440,8455,0.0680327868852459,0.01841579764810295,0.3629032258064516,0,0.0,0,0.0,new
2024-12-22,25,0,25,1689,0.12,25,256,817,0.09765625,0.02870264064293915,0.2939150401836969,0,0.0,0,0.0,returning
2024-12-22,5,0,11,313,0.6,5,45,118,0.1111111111111111,0.04032258064516129,0.2706900377191036,0,0.0,0,0.0,(not set)
2024-12-23,453,439,453,8356,0.02869757174392936,453,2315,8693,0.19568034557235423,0.04952443424073467,0.3787878787878788,0,0.0,0,0.0,new
2024-12-23,68,0,68,4870,0.014705882352941176,68,250,848,0.272,0.07727272727272727,0.2840909090909091,0,0.0,0,0.0,returning
2024-12-23,14,0,23,449,0.5,14,50,127,0.28,0.10606060606060606,0.25308844429867716,0,0.0,0,0.0,(not set)
2024-12-24,167,164,167,4997,0.017964071856287425,167,1962,8641,0.08511722731906218,0.01837790249807417,0.3230769230769231,0,0.0,0,0.0,new
2024-12-24,45,0,45,6106,0.044444444444444446,45,229,851,0.1965065502183406,0.05061867266591676,0.2575928008998875,0,0.0,0,0.0,returning
2024-12-24,6,0,27,1214,0.6666666666666666,6,42,122,0.14285714285714285,0.046153846153846156,0.21591284252228457,0,0.0,0,0.0,(not set)
2024-12-25,327,315,327,4986,0.03058103975535168,327,1849,8790,0.17685235262303947,0.03557441253263707,0.3262411347517731,0,0.0,0,0.0,new
2024-12-25,45,0,45,2165,0.022222222222222223,45,217,866,0.2073732718894009,0.049778761061946904,0.24004424778761063,0,0.0,0,0.0,returning
2024-12-25,13,0,22,354,0.38461538461538464,13,46,130,0.2826086956521739,0.09219858156028368,0.2011531766753699,0,0.0,0,0.0,(not set)
2024-12-26,303,297,303,3042,0.006600660066006601,303,1906,8916,0.1589716684155299,0.03264382676147382,0.3283582089552239,0,0.0,0,0.0,new
2024-12-26,46,0,46,4107,0.043478260869565216,46,221,878,0.2081447963800905,0.050605060506050605,0.24312431243124313,0,0.0,0,0.0,returning
2024-12-26,2,0,15,16,0.5,2,44,130,0.045454545454545456,0.014925373134328358,0.20534367593191122,0,0.0,0,0.0,(not set)
2024-12-27,737,695,737,14297,0.06377204884667571,737,2355,9382,0.3129511677282378,0.07490598638072975,0.3357142857142857,0,0.0,0,0.0,new
2024-12-27,82,0,82,9432,0.04878048780487805,82,249,915,0.3293172690763052,0.08677248677248678,0.2634920634920635,0,0.0,0,0.0,returning
2024-12-27,13,0,36,714,0.5384615384615384,13,47,138,0.2765957446808511,0.09285714285714286,0.2393535928448013,0,0.0,0,0.0,(not set)
2024-12-28,492,476,492,8369,0.044715447154471545,492,2641,9669,0.1862930708065127,0.048544647261963496,0.34265734265734266,0,0.0,0,0.0,new
2024-12-28,72,0,72,9610,0.06944444444444445,72,287,951,0.2508710801393728,0.07346938775510205,0.29285714285714287,0,0.0,0,0.0,returning
2024-12-28,6,0,25,33,0.5,6,49,139,0.12244897959183673,0.04195804195804196,0.2605821410952146,0,0.0,0,0.0,(not set)
2024-12-29,357,349,357,5445,0.028011204481792718,357,2830,9810,0.12614840989399292,0.034890539483971854,0.33793103448275863,0,0.0,0,0.0,new
2024-12-29,44,0,44,2440,0.022727272727272728,44,305,963,0.14426229508196722,0.04417670682730924,0.30622489959839355,0,0.0,0,0.0,returning
2024-12-29,4,0,12,97,0.0,4,49,140,0.08163265306122448,0.027586206896551724,0.2765832681782643,0,0.0,0,0.0,(not set)
2024-12-30,279,272,279,6049,0.03225806451612903,279,2655,9162,0.10508474576271186,0.027113702623906704,0.2903543307086614,0,0.0,0,0.0,new
2024-12-30,42,0,42,1925,0.0,42,295,956,0.1423728813559322,0.04133858267716536,0.2827586206896552,0,0.0,0,0.0,returning
2024-12-30,3,0,18,241,0.3333333333333333,3,41,135,0.07317073170731707,0.020689655172413793,0.25801749271137026,0,0.0,0,0.0,(not set)
2024-12-31,141,136,141,2367,0.02127659574468085,141,2628,8852,0.05365296803652968,0.013789731051344744,0.28627450980392155,0,0.0,0,0.0,new
2024-12-31,34,0,34,955,0.029411764705882353,34,292,937,0.11643835616438356,0.03333333333333333,0.2638888888888889,0,0.0,0,0.0,returning
2024-12-31,1,0,15,6,0.0,1,38,132,0.02631578947368421,0.006944444444444444,0.2570171149144254,0,0.0,0,0.0,(not set)
2025-01-01,334,322,334,6305,0.038922155688622756,334,2635,8845,0.1267552182163188,0.034694089539835875,0.2956777996070727,0,0.0,0,0.0,new
2025-01-01,44,0,44,562,0.0,44,301,936,0.1461794019933555,0.043222003929273084,0.2737093590942142,0,0.0,0,0.0,returning
2025-01-01,1,0,16,105,0.0,1,28,126,0.03571428571428571,0.0072992700729927005,0.20437956204379562,0,0.0,0,0.0,(not set)
2025-01-02,277,261,277,5452,0.06498194945848375,277,2608,8905,0.10621165644171779,0.029402398896083218,0.3050345508390918,0,0.0,0,0.0,new
2025-01-02,44,0,44,295,0.0,44,309,952,0.1423948220064725,0.04343534057255676,0.27682836216962103,0,0.0,0,0.0,returning
2025-01-02,0,0,23,0,0.0,0,26,118,0.0,0.0,0.19548872180451127,0,0.0,0,0.0,(not set)
2025-01-03,346,335,346,5657,0.028901734104046242,346,2217,9061,0.15606675687866486,0.03661375661375661,0.29064039408866993,0,0.0,0,0.0,new
2025-01-03,52,0,52,4056,0.019230769230769232,52,295,975,0.17627118644067796,0.05123152709359606,0.2346031746031746,0,0.0,0,0.0,returning
2025-01-03,4,0,28,93,0.0,4,18,117,0.2222222222222222,0.03076923076923077,0.13846153846153847,0,0.0,0,0.0,(not set)
2025-01-04,364,355,364,5996,0.024725274725274724,364,2087,9208,0.17441303306181122,0.03782604177491427,0.2726396917148362,0,0.0,0,0.0,new
2025-01-04,55,0,55,3418,0.0,55,283,997,0.19434628975265017,0.052986512524084775,0.21687623402265405,0,0.0,0,0.0,returning
2025-01-04,3,0,29,1,0.0,3,16,119,0.1875,0.024,0.128,0,0.0,0,0.0,(not set)
2025-01-05,306,300,306,3304,0.013071895424836602,306,2036,9222,0.15029469548133595,0.031407164117828186,0.2695570216776626,0,0.0,0,0.0,new
2025-01-05,49,0,49,358,0.0,49,286,1004,0.17132867132867133,0.046182846371347785,0.20897054295391562,0,0.0,0,0.0,returning
2025-01-05,2,0,33,14,0.0,2,14,121,0.14285714285714285,0.01639344262295082,0.11475409836065574,0,0.0,0,0.0,(not set)
2025-01-06,329,314,329,8054,0.05167173252279635,329,2086,9231,0.15771812080536912,0.03337729532312062,0.2662276575729069,0,0.0,0,0.0,new
2025-01-06,40,0,40,406,0.025,40,283,993,0.1413427561837456,0.03762935089369708,0.21162625545297759,0,0.0,0,0.0,returning
2025-01-06,1,0,21,0,0.0,1,12,118,0.08333333333333333,0.00819672131147541,0.09836065573770492,0,0.0,0,0.0,(not set)
2025-01-07,348,327,348,7136,0.07183908045977011,348,2293,9296,0.15176624509376363,0.03510187613475892,0.28277153558052437,0,0.0,0,0.0,new
2025-01-07,55,0,55,1981,0.01818181818181818,55,302,1003,0.18211920529801323,0.05149812734082397,0.23128908614081098,0,0.0,0,0.0,returning
2025-01-07,2,0,36,1834,0.5,2,13,118,0.15384615384615385,0.016129032258064516,0.10483870967741936,0,0.0,0,0.0,(not set)
2025-01-08,340,330,340,5382,0.03823529411764706,340,2299,9331,0.14789038712483688,0.03423967774420947,0.28637627432808155,0,0.0,0,0.0,new
2025-01-08,62,0,62,1153,0.016129032258064516,62,309,1023,0.20064724919093851,0.057460611677479144,0.23152064451158108,0,0.0,0,0.0,returning
2025-01-08,4,0,36,3,0.0,4,16,120,0.25,0.03225806451612903,0.12903225806451613,0,0.0,0,0.0,(not set)
2025-01-09,566,526,566,10936,0.061837455830388695,566,2592,9514,0.2183641975308642,0.055681259222823416,0.30636363636363634,0,0.0,0,0.0,new
2025-01-09,78,0,78,89063,0.07692307692307693,78,337,1044,0.2314540059347181,0.07090909090909091,0.2549926217412691,0,0.0,0,0.0,returning
2025-01-09,8,0,35,82,0.75,8,24,120,0.3333333333333333,0.06299212598425197,0.1889763779527559,0,0.0,0,0.0,(not set)
2025-01-10,990,933,990,16241,0.050505050505050504,990,3238,10320,0.3057442865966646,0.09100937672366244,0.3455631399317406,0,0.0,0,0.0,new
2025-01-10,122,0,122,4255,0.02459016393442623,122,405,1112,0.3012345679012346,0.10409556313993173,0.29766501195072625,0,0.0,0,0.0,returning
2025-01-10,11,0,35,207,0.8181818181818182,11,29,123,0.3793103448275862,0.08208955223880597,0.21641791044776118,0,0.0,0,0.0,(not set)
2025-01-11,647,609,647,9446,0.05255023183925812,647,3520,10765,0.18380681818181818,0.057891911238367934,0.357495881383855,0,0.0,0,0.0,new
2025-01-11,80,0,80,1474,0.0375,80,434,1156,0.18433179723502305,0.06589785831960461,0.31496062992125984,0,0.0,0,0.0,returning
2025-01-11,6,0,36,176,0.6666666666666666,6,32,126,0.1875,0.044444444444444446,0.23703703703703705,0,0.0,0,0.0,(not set)
2025-01-12,607,570,607,9858,0.060955518945634266,607,3819,11112,0.15894213144802305,0.05249502724206521,0.3722044728434505,0,0.0,0,0.0,new
2025-01-12,84,0,84,1166,0.0,84,466,1194,0.18025751072961374,0.0670926517571885,0.3302776096168814,0,0.0,0,0.0,returning
2025-01-12,7,0,45,74,0.42857142857142855,7,36,132,0.19444444444444445,0.05185185185185185,0.26666666666666666,0,0.0,0,0.0,(not set)
2025-01-13,799,769,799,12442,0.03629536921151439,799,4290,11319,0.18624708624708625,0.06553477690288714,0.39241486068111453,0,0.0,0,0.0,new
2025-01-13,99,0,99,3696,0.050505050505050504,99,507,1208,0.1952662721893491,0.07662538699690402,0.35187007874015747,0,0.0,0,0.0,returning
2025-01-13,7,0,48,21,0.5714285714285714,7,41,132,0.17073170731707318,0.051470588235294115,0.3014705882352941,0,0.0,0,0.0,(not set)
2025-01-14,351,307,351,14151,0.11396011396011396,351,4293,11122,0.08176100628930817,0.02855980471928397,0.3983308042488619,0,0.0,0,0.0,new
2025-01-14,95,0,95,5752,0.031578947368421054,95,525,1220,0.18095238095238095,0.07207890743550835,0.34930838079739623,0,0.0,0,0.0,returning
2025-01-14,11,0,81,207,0.6363636363636364,11,48,131,0.22916666666666666,0.07586206896551724,0.3310344827586207,0,0.0,0,0.0,(not set)
2025-01-15,471,432,471,13267,0.08067940552016985,471,4425,11164,0.1064406779661017,0.03860655737704918,0.39787395596051633,0,0.0,0,0.0,new
2025-01-15,88,0,88,3633,0.022727272727272728,88,524,1239,0.16793893129770993,0.06681852695520121,0.36423841059602646,0,0.0,0,0.0,returning
2025-01-15,11,0,67,125,0.18181818181818182,11,55,135,0.2,0.0728476821192053,0.36270491803278687,0,0.0,0,0.0,(not set)
2025-01-16,536,509,536,10873,0.048507462686567165,536,4395,11431,0.12195676905574517,0.04409707939119704,0.4016393442622951,0,0.0,0,0.0,new
2025-01-16,109,0,109,4318,0.045871559633027525,109,539,1283,0.20222634508348794,0.08122205663189269,0.3825503355704698,0,0.0,0,0.0,returning
2025-01-16,11,0,58,373,0.36363636363636365,11,57,139,0.19298245614035087,0.0738255033557047,0.36157959687371455,0,0.0,0,0.0,(not set)
2025-01-17,649,622,649,11207,0.03697996918335902,649,4055,11836,0.16004932182490753,0.052618777363385764,0.38405797101449274,0,0.0,0,0.0,new
2025-01-17,105,0,105,1685,0.02857142857142857,105,530,1331,0.19811320754716982,0.07608695652173914,0.3708609271523179,0,0.0,0,0.0,returning
2025-01-17,9,0,62,179,0.3333333333333333,9,56,140,0.16071428571428573,0.059602649006622516,0.32876601264796496,0,0.0,0,0.0,(not set)
2025-01-18,374,341,374,10120,0.0855614973262032,374,3784,11979,0.09883720930232558,0.029934368496878503,0.36721546170365066,0,0.0,0,0.0,new
2025-01-18,65,0,65,3009,0.03076923076923077,65,513,1361,0.1267056530214425,0.046528274874731566,0.3576158940397351,0,0.0,0,0.0,returning
2025-01-18,4,0,46,123,0.75,4,54,142,0.07407407407407407,0.026490066225165563,0.3028653753801825,0,0.0,0,0.0,(not set)
2025-01-19,568,540,568,9455,0.051056338028169015,568,3745,12441,0.15166889185580773,0.044399280856718515,0.37748344370860926,0,0.0,0,0.0,new
2025-01-19,83,0,83,1227,0.012048192771084338,83,500,1402,0.166,0.05824561403508772,0.3508771929824561,0,0.0,0,0.0,returning
2025-01-19,10,0,58,404,0.4,10,57,146,0.17543859649122806,0.06622516556291391,0.2927382162119909,0,0.0,0,0.0,(not set)
2025-01-20,552,530,552,8195,0.03260869565217391,552,3499,12575,0.1577593598170906,0.04193572893717238,0.3576158940397351,0,0.0,0,0.0,new
2025-01-20,105,0,105,10148,0.0380952380952381,105,501,1422,0.20958083832335328,0.07104194857916103,0.33897158322056836,0,0.0,0,0.0,returning
2025-01-20,3,0,60,185,0.6666666666666666,3,54,139,0.05555555555555555,0.019867549668874173,0.26582086150573575,0,0.0,0,0.0,(not set)
2025-01-21,600,554,600,14687,0.07666666666666666,600,3748,12996,0.16008537886872998,0.04418912947414936,0.33974358974358976,0,0.0,0,0.0,new
2025-01-21,99,0,99,3585,0.030303030303030304,99,497,1451,0.19919517102615694,0.06500328299409061,0.3263296126066973,0,0.0,0,0.0,returning
2025-01-21,9,0,79,734,0.3333333333333333,9,53,144,0.16981132075471697,0.057692307692307696,0.27603476211518635,0,0.0,0,0.0,(not set)
2025-01-22,391,353,391,12249,0.08951406649616368,391,3668,13065,0.10659760087241003,0.028879533200384076,0.3289902280130293,0,0.0,0,0.0,new
2025-01-22,93,0,93,5505,0.03225806451612903,93,505,1477,0.18415841584158416,0.06058631921824104,0.32679738562091504,0,0.0,0,0.0,returning
2025-01-22,9,0,67,154,0.4444444444444444,9,50,140,0.18,0.058823529411764705,0.27092104291306596,0,0.0,0,0.0,(not set)
2025-01-23,303,277,303,11484,0.0858085808580858,303,3436,13051,0.08818393480791618,0.02217992826293829,0.30659767141009053,0,0.0,0,0.0,new
2025-01-23,83,0,83,2058,0.08433734939759036,83,474,1488,0.1751054852320675,0.0536869340232859,0.27631578947368424,0,0.0,0,0.0,returning
2025-01-23,3,0,82,76,0.3333333333333333,3,42,140,0.07142857142857142,0.019736842105263157,0.2515189224800527,0,0.0,0,0.0,(not set)
2025-01-24,561,532,561,10530,0.0481283422459893,561,3347,12854,0.16761278757095907,0.04032489936745256,0.2980132450331126,0,0.0,0,0.0,new
2025-01-24,94,0,94,3315,0.0425531914893617,94,462,1496,0.20346320346320346,0.05983450031826862,0.29408020369191595,0,0.0,0,0.0,returning
2025-01-24,11,0,55,99,0.45454545454545453,11,45,139,0.24444444444444444,0.0728476821192053,0.24058366877515813,0,0.0,0,0.0,(not set)
2025-01-25,457,433,457,9349,0.0525164113785558,457,3429,12870,0.1332750072907553,0.032540586727428086,0.2950408035153798,0,0.0,0,0.0,new
2025-01-25,72,0,72,1327,0.027777777777777776,72,470,1500,0.15319148936170213,0.04519774011299435,0.2866666666666667,0,0.0,0,0.0,returning
2025-01-25,2,0,53,21,0.5,2,43,135,0.046511627906976744,0.013333333333333334,0.24416120763315294,0,0.0,0,0.0,(not set)
2025-01-26,370,320,370,10418,0.12162162162162163,370,3228,12926,0.11462205700123916,0.027056672760511883,0.2933083176985616,0,0.0,0,0.0,new
2025-01-26,78,0,78,4035,0.038461538461538464,78,469,1518,0.16631130063965885,0.04878048780487805,0.2777777777777778,0,0.0,0,0.0,returning
2025-01-26,4,0,55,76,0.5,4,40,136,0.1,0.027777777777777776,0.2360511882998172,0,0.0,0,0.0,(not set)
2025-01-27,540,502,540,12483,0.06666666666666667,540,3217,13134,0.167858253030774,0.03924989097252508,0.3150684931506849,0,0.0,0,0.0,new
2025-01-27,87,0,87,4087,0.04597701149425287,87,455,1540,0.1912087912087912,0.05420560747663551,0.2834890965732087,0,0.0,0,0.0,returning
2025-01-27,11,0,57,226,0.45454545454545453,11,46,140,0.2391304347826087,0.07534246575342465,0.23382759121965402,0,0.0,0,0.0,(not set)
2025-01-28,542,517,542,8030,0.04059040590405904,542,3159,13543,0.17157328268439379,0.038861403886140386,0.3026315789473684,0,0.0,0,0.0,new
2025-01-28,108,0,108,2494,0.018518518518518517,108,469,1582,0.2302771855010661,0.06597434331093463,0.28649969456322544,0,0.0,0,0.0,returning
2025-01-28,11,0,62,496,0.36363636363636365,11,46,148,0.2391304347826087,0.07236842105263158,0.22650032265003225,0,0.0,0,0.0,(not set)
2025-01-29,623,576,623,12000,0.07223113964686999,623,3389,13816,0.18383003835939804,0.04354816161051307,0.29936305732484075,0,0.0,0,0.0,new
2025-01-29,102,0,102,7758,0.058823529411764705,102,484,1600,0.21074380165289255,0.0611877624475105,0.2903419316136773,0,0.0,0,0.0,returning
2025-01-29,11,0,83,181,0.6363636363636364,11,47,155,0.23404255319148937,0.07006369426751592,0.23689361107227735,0,0.0,0,0.0,(not set)
2025-01-30,500,450,500,10844,0.096,500,3584,14021,0.13950892857142858,0.03402054841124039,0.31901840490797545,0,0.0,0,0.0,new
2025-01-30,105,0,105,4241,0.02857142857142857,105,508,1630,0.20669291338582677,0.06158357771260997,0.29794721407624636,0,0.0,0,0.0,returning
2025-01-30,10,0,67,193,0.6,10,52,162,0.19230769230769232,0.06134969325153374,0.24385929101177112,0,0.0,0,0.0,(not set)
2025-01-31,529,490,529,13028,0.07372400756143667,529,3552,14231,0.14893018018018017,0.03570946402052113,0.29655575014594276,0,0.0,0,0.0,new
2025-01-31,82,0,82,1118,0.024390243902439025,82,508,1642,0.16141732283464566,0.04786923525977817,0.2874251497005988,0,0.0,0,0.0,returning
2025-01-31,7,0,67,38,0.5714285714285714,7,48,164,0.14583333333333334,0.041916167664670656,0.2397731875253139,0,0.0,0,0.0,(not set)
2025-02-01,365,343,365,5143,0.049315068493150684,365,3461,14206,0.1054608494654724,0.02449500033554795,0.29988465974625145,0,0.0,0,0.0,new
2025-02-01,87,0,87,1768,0.0,87,520,1653,0.1673076923076923,0.050173010380622836,0.2982456140350877,0,0.0,0,0.0,returning
2025-02-01,6,0,59,259,0.3333333333333333,6,51,165,0.11764705882352941,0.03508771929824561,0.23226629085296288,0,0.0,0,0.0,(not set)
2025-02-02,522,478,522,12351,0.07471264367816093,522,3611,14392,0.14455829410135695,0.034617680217521055,0.3125,0,0.0,0,0.0,new
2025-02-02,78,0,78,1830,0.02564102564102564,78,516,1663,0.1511627906976744,0.04469914040114613,0.295702005730659,0,0.0,0,0.0,returning
2025-02-02,9,0,60,149,0.3333333333333333,9,55,171,0.16363636363636364,0.05113636363636364,0.23947211353538034,0,0.0,0,0.0,(not set)
2025-02-03,358,317,358,10502,0.11173184357541899,358,3429,14405,0.10440361621463984,0.023758959384125297,0.3055555555555556,0,0.0,0,0.0,new
2025-02-03,86,0,86,2006,0.08139534883720931,86,526,1692,0.1634980988593156,0.0488358886996025,0.2986939239068711,0,0.0,0,0.0,returning
2025-02-03,7,0,71,326,0.5714285714285714,7,55,177,0.12727272727272726,0.03888888888888889,0.2275683567825856,0,0.0,0,0.0,(not set)
2025-02-04,373,342,373,8768,0.064343163538874,373,3260,14397,0.11441717791411044,0.024664418435495602,0.2848314606741573,0,0.0,0,0.0,new
2025-02-04,86,0,86,6139,0.09302325581395349,86,507,1711,0.16962524654832348,0.048314606741573035,0.2786885245901639,0,0.0,0,0.0,returning
2025-02-04,7,0,44,182,0.7142857142857143,7,51,180,0.13725490196078433,0.03825136612021858,0.2155656946373074,0,0.0,0,0.0,(not set)
2025-02-05,487,444,487,11687,0.09034907597535935,487,3127,14572,0.15574032619123762,0.0319344262295082,0.27176339285714285,0,0.0,0,0.0,new
2025-02-05,85,0,85,2785,0.023529411764705882,85,487,1699,0.17453798767967146,0.04743303571428571,0.25268817204301075,0,0.0,0,0.0,returning
2025-02-05,8,0,60,39,0.375,8,47,181,0.1702127659574468,0.043010752688172046,0.20504918032786884,0,0.0,0,0.0,(not set)
2025-02-06,442,402,442,8995,0.08597285067873303,442,3071,14405,0.1439270595897102,0.028822954026736226,0.2594654788418708,0,0.0,0,0.0,new
2025-02-06,81,0,81,4391,0.08641975308641975,81,466,1688,0.17381974248927037,0.04510022271714922,0.24736842105263157,0,0.0,0,0.0,returning
2025-02-06,7,0,55,738,0.42857142857142855,7,47,182,0.14893617021276595,0.03684210526315789,0.20026084121291163,0,0.0,0,0.0,(not set)
2025-02-07,333,279,333,10768,0.13813813813813813,333,2876,13799,0.11578581363004173,0.02172636523781562,0.26256983240223464,0,0.0,0,0.0,new
2025-02-07,90,0,90,58277,0.06666666666666667,90,470,1654,0.19148936170212766,0.05027932960893855,0.24615384615384617,0,0.0,0,0.0,returning
2025-02-07,8,0,60,223,0.375,8,48,181,0.16666666666666666,0.041025641025641026,0.18764272199386703,0,0.0,0,0.0,(not set)
2025-02-08,427,395,427,8326,0.07259953161592506,427,2940,13569,0.14523809523809525,0.028112449799196786,0.2619181155356141,0,0.0,0,0.0,new
2025-02-08,78,0,78,902,0.02564102564102564,78,467,1646,0.1670235546038544,0.04374649467190129,0.24742268041237114,0,0.0,0,0.0,returning
2025-02-08,5,0,65,18,0.6,5,48,179,0.10416666666666667,0.02577319587628866,0.19356112976496148,0,0.0,0,0.0,(not set)
2025-02-09,539,509,539,10752,0.05009276437847866,539,2957,13495,0.18227933716604666,0.03652998983395459,0.2637299771167048,0,0.0,0,0.0,new
2025-02-09,73,0,73,4664,0.0273972602739726,73,461,1633,0.15835140997830802,0.041762013729977114,0.23809523809523808,0,0.0,0,0.0,returning
2025-02-09,5,0,55,253,0.4,5,45,177,0.1111111111111111,0.026455026455026454,0.20040664181633344,0,0.0,0,0.0,(not set)
2025-02-10,320,292,320,7577,0.075,320,2920,13043,0.1095890410958904,0.022176022176022176,0.26051873198847264,0,0.0,0,0.0,new
2025-02-10,84,0,84,2531,0.05952380952380952,84,452,1615,0.18584070796460178,0.0484149855907781,0.22994652406417113,0,0.0,0,0.0,returning
2025-02-10,6,0,59,172,0.6666666666666666,6,43,177,0.13953488372093023,0.03208556149732621,0.20235620235620236,0,0.0,0,0.0,(not set)
2025-02-11,451,408,451,12492,0.09312638580931264,451,2997,13100,0.1504838171504838,0.03160698016679515,0.26346265199768387,0,0.0,0,0.0,new
2025-02-11,89,0,89,4446,0.0,89,455,1615,0.1956043956043956,0.05153445280833816,0.22994652406417113,0,0.0,0,0.0,returning
2025-02-11,7,0,55,1098,0.42857142857142855,7,43,174,0.16279069767441862,0.0374331550802139,0.21003574181792697,0,0.0,0,0.0,(not set)
2025-02-12,165,141,165,6639,0.13333333333333333,165,2675,12745,0.0616822429906542,0.012138600750386228,0.2534124629080119,0,0.0,0,0.0,new
2025-02-12,43,0,43,4505,0.023255813953488372,43,427,1584,0.10070257611241218,0.025519287833827894,0.20540540540540542,0,0.0,0,0.0,returning
2025-02-12,2,0,40,0,0.0,2,38,166,0.05263157894736842,0.010810810810810811,0.19679246671080702,0,0.0,0,0.0,(not set)
2025-02-13,253,205,253,10664,0.17391304347826086,253,2486,12461,0.10176991150442478,0.01874907366236846,0.23985463355542097,0,0.0,0,0.0,new
2025-02-13,40,0,40,2787,0.125,40,396,1538,0.10101010101010101,0.024227740763173834,0.21666666666666667,0,0.0,0,0.0,returning
2025-02-13,8,0,45,46,0.625,8,39,161,0.20512820512820512,0.044444444444444446,0.184230028160664,0,0.0,0,0.0,(not set)
2025-02-14,276,238,276,10873,0.13768115942028986,276,2429,12165,0.11362700699876492,0.02078939439590238,0.2247191011235955,0,0.0,0,0.0,new
2025-02-14,33,0,33,3474,0.06060606060606061,33,347,1492,0.09510086455331412,0.02042079207920792,0.21472772277227722,0,0.0,0,0.0,returning
2025-02-14,10,0,44,88,0.4,10,40,163,0.25,0.056179775280898875,0.1829617354624887,0,0.0,0,0.0,(not set)
2025-02-15,112,91,112,2693,0.16964285714285715,112,2113,11883,0.053005205868433505,0.008713918929432816,0.21301775147928995,0,0.0,0,0.0,new
2025-02-15,18,0,18,382,0.05555555555555555,18,301,1470,0.059800664451827246,0.011472275334608031,0.19184193753983428,0,0.0,0,0.0,returning
2025-02-15,0,0,16,0,0.0,0,36,159,0.0,0.0,0.1643974169454602,0,0.0,0,0.0,(not set)
2025-02-16,216,184,216,6132,0.1388888888888889,216,1790,11524,0.12067039106145251,0.017341040462427744,0.20121951219512196,0,0.0,0,0.0,new
2025-02-16,24,0,24,243,0.125,24,263,1438,0.09125475285171103,0.015727391874180863,0.17234600262123198,0,0.0,0,0.0,returning
2025-02-16,2,0,16,63,0.0,2,33,153,0.06060606060606061,0.012195121951219513,0.1437058445728966,0,0.0,0,0.0,(not set)
2025-02-17,295,250,295,10945,0.1423728813559322,295,1764,11219,0.16723356009070295,0.02390405963860303,0.23255813953488372,0,0.0,0,0.0,new
2025-02-17,48,0,48,5663,0.0625,48,240,1399,0.2,0.031704095112285335,0.15852047556142668,0,0.0,0,0.0,returning
2025-02-17,13,0,34,172,0.23076923076923078,13,40,163,0.325,0.0755813953488372,0.14293817356778218,0,0.0,0,0.0,(not set)
2025-02-18,253,206,253,12321,0.15019762845849802,253,1567,10883,0.1614550095724314,0.020954116282921983,0.23976608187134502,0,0.0,0,0.0,new
2025-02-18,45,0,45,6848,0.022222222222222223,45,202,1370,0.22277227722772278,0.03022162525184688,0.1356615177971793,0,0.0,0,0.0,returning
2025-02-18,10,0,42,62,0.5,10,41,160,0.24390243902439024,0.05847953216374269,0.12978300480371044,0,0.0,0,0.0,(not set)
2025-02-19,247,211,247,8782,0.12955465587044535,247,1648,10763,0.14987864077669902,0.0209588459906661,0.26704545454545453,0,0.0,0,0.0,new
2025-02-19,46,0,46,3592,0.08695652173913043,46,199,1345,0.23115577889447236,0.031767955801104975,0.1398387781077641,0,0.0,0,0.0,returning
2025-02-19,10,0,34,330,0.6,10,47,160,0.2127659574468085,0.056818181818181816,0.13743093922651933,0,0.0,0,0.0,(not set)
2025-02-20,88,100,104,4625,0.13636363636363635,88,1483,10543,0.05933917734322319,0.007859248012860587,1.0,0,0.0,0,0.0,new
2025-02-20,37,0,49,3302,0.2972972972972973,37,193,1319,0.19170984455958548,0.026353276353276354,0.25149700598802394,0,0.0,0,0.0,returning
2025-02-20,30,0,33,1000,0.2,30,30,30,1.0,1.0,0.13746438746438747,0,0.0,0,0.0,""
2025-02-20,0,0,0,0,0.0,0,42,158,0.0,0.0,0.13244619094400287,0,0.0,0,0.0,(not set)
2025-02-21,19,19,21,462,0.15789473684210525,19,1225,9997,0.015510204081632653,0.0017505067256311038,1.0,0,0.0,0,0.0,new
2025-02-21,15,0,17,703,0.2,15,171,1265,0.08771929824561403,0.01105379513633014,0.20625,0,0.0,0,0.0,returning
2025-02-21,8,0,9,296,0.125,8,36,36,0.2222222222222222,0.2222222222222222,0.1260132645541636,0,0.0,0,0.0,""
2025-02-21,0,0,0,0,0.0,0,33,150,0.0,0.0,0.11286161783674221,0,0.0,0,0.0,(not set)
